{"name": "2023-04-27_17:45:54", "dataset": "bAbI", "model_name": "google/flan-t5-base", "batch_size": 5, "tasks": [1, 12, 14, 16], "data_directory": "data/bAbI tasks_1-20_v1-2/en-valid", "num_demonstrations": 5, "demonstration_indices": [[25, 175, 225, 40, 61, 82, 280, 75, 340, 735, 406, 337, 20, 385, 125, 380, 666, 462], [0, 5, 225, 400, 41, 47, 535, 365, 175, 820, 516, 127, 650, 95, 305, 545, 691, 432], [0, 180, 95, 205, 46, 62, 715, 665, 130, 735, 345, 466, 60, 355, 890, 441, 175, 117], [0, 1, 40, 9, 10, 151, 597, 480, 583, 213, 856, 580, 795, 384, 735, 593, 405, 115]], "num_workers": 0, "prompt_augmentation": null, "entity_augmentation": null, "id": "41ppwv3j", "task1": {"accuracy": 0.98, "f1": 0.98, "prediction_perplexity": 6.1135616827011106, "target_perplexity": 7119.667278442383}, "task12": {"accuracy": 0.92, "f1": 0.92, "prediction_perplexity": 6.080615863800049, "target_perplexity": 4004.5677738952636}, "task14": {"accuracy": 0.7, "f1": 0.7, "prediction_perplexity": 6.518546724319458, "target_perplexity": 637.8459367752075}, "task16": {"accuracy": 0.4, "f1": 0.4, "prediction_perplexity": 3.62498699426651, "target_perplexity": 42501.46015655518}}